SALE TYPE,SOLD DATE,PROPERTY TYPE,ADDRESS,CITY,STATE OR PROVINCE,ZIP OR POSTAL CODE,PRICE,BEDS,BATHS,LOCATION,SQUARE FEET,LOT SIZE,YEAR BUILT,DAYS ON MARKET,$/SQUARE FEET,HOA/MONTH,STATUS,NEXT OPEN HOUSE START TIME,NEXT OPEN HOUSE END TIME,URL (SEE http://www.redfin.com/buy-a-home/comparative-market-analysis FOR INFO ON PRICING),SOURCE,MLS#,FAVORITE,INTERESTED,LATITUDE,LONGITUDE
MLS Listing,,Single Family Residential,9848 46th Ave SW,Seattle,WA,98136,995000,4,1.75,Arbor Heights,2320,7569,1952,11,429,,Active,,,http://www.redfin.com/WA/Seattle/9848-46th-Ave-SW-98136/home/158280,NWMLS,1587633,N,Y,47.5143359,-122.3906925
MLS Listing,,Single Family Residential,3812 34th Ave SW,Seattle,WA,98126,890000,3,1.75,Genesee,2410,4000,1926,11,369,,Active,,,http://www.redfin.com/WA/Seattle/3812-34th-Ave-SW-98126/home/327593,NWMLS,1588332,N,Y,47.5696016,-122.3748225
MLS Listing,,Single Family Residential,5210 13th Ave S,Seattle,WA,98108,1030000,4,3.5,Beacon Hill,2532,4465,2020,33,407,,Active,,,http://www.redfin.com/WA/Seattle/5210-13th-Ave-S-98108/home/147713608,NWMLS,1576502,N,Y,47.5552298,-122.3157904
MLS Listing,,Single Family Residential,3003 NW 72nd St,Seattle,WA,98117,1195000,4,4.0,Sunset Hill,3080,5200,1910,40,388,,Active,,,http://www.redfin.com/WA/Seattle/3003-NW-72nd-St-98117/home/164658,NWMLS,1577253,N,Y,47.6807351,-122.3959591
MLS Listing,,Single Family Residential,336 29th Ave,Seattle,WA,98122,1699950,6,4.25,Leschi,3229,4950,1904,151,526,,Active,,,http://www.redfin.com/WA/Seattle/336-29th-Ave-98122/home/149120,NWMLS,1542708,N,Y,47.6052824,-122.2946387
MLS Listing,,Single Family Residential,4620 Dayton Ave N,Seattle,WA,98103,1350000,3,3.5,Fremont,2025,1625,2020,1,667,,Active,,,http://www.redfin.com/WA/Seattle/4620-Dayton-Ave-N-98103/home/171387702,NWMLS,1592180,N,Y,47.6626025,-122.352455
MLS Listing,,Single Family Residential,913 27th Ave,Seattle,WA,98122,975000,4,,Madrona,1900,4814,1908,1,513,,Active,,,http://www.redfin.com/WA/Seattle/913-27th-Ave-98122/home/146186,NWMLS,1592262,N,Y,47.6105281,-122.2978186
MLS Listing,,Single Family Residential,8036 25th Ave NW,Seattle,WA,98117,1899950,5,3.5,Loyal Heights,3250,4850,2020,1,585,,Active,,,http://www.redfin.com/WA/Seattle/8036-25th-Ave-NW-98117/home/163025,NWMLS,1592254,N,Y,47.6879554,-122.3884096
MLS Listing,,Single Family Residential,4049 40th Ave SW,Seattle,WA,98116,1315000,4,3.5,Admiral,3497,5750,1915,1,376,,Active,,,http://www.redfin.com/WA/Seattle/4049-40th-Ave-SW-98116/home/328329,NWMLS,1592069,N,Y,47.5669329,-122.3831382
MLS Listing,,Single Family Residential,13214 42nd Ave NE,Seattle,WA,98125,1680999,4,4.5,Cedar Park,3948,9603,2014,1,426,50,Active,,,http://www.redfin.com/WA/Seattle/13214-42nd-Ave-NE-98125/home/45451397,NWMLS,1591712,N,Y,47.7250971,-122.2820591
MLS Listing,,Single Family Residential,3651 Perkins Ln W,Seattle,WA,98199,875000,2,2.25,Magnolia,1890,8333,1954,1,463,,Active,,,http://www.redfin.com/WA/Seattle/3651-Perkins-Ln-W-98199/home/125701,NWMLS,1591797,N,Y,47.6537355,-122.4164078
MLS Listing,,Single Family Residential,4937 Purdue Ave NE,Seattle,WA,98105,1499000,6,1.75,Hawthorne Hills,3120,6180,1949,1,480,,Active,,,http://www.redfin.com/WA/Seattle/4937-Purdue-Ave-NE-98105/home/320687,NWMLS,1591750,N,Y,47.6706349,-122.2733565
MLS Listing,,Single Family Residential,9412 12th Ave NE,Seattle,WA,98115,1225000,5,3.5,Maple Leaf,3360,5413,1926,2,365,,Active,,,http://www.redfin.com/WA/Seattle/9412-12th-Ave-NE-98115/home/109177,NWMLS,1591569,N,Y,47.6971061,-122.3145364
MLS Listing,,Single Family Residential,3931 SW Arroyo Dr,Seattle,WA,98146,1800000,4,3.25,West Seattle,3317,21960,1951,2,543,,Active,,,http://www.redfin.com/WA/Seattle/3931-SW-Arroyo-Dr-98146/home/158815,NWMLS,1591541,N,Y,47.5026708,-122.3832411
MLS Listing,,Single Family Residential,1716 36th Ave,Seattle,WA,98122,3495000,4,5.5,Madrona,5060,7482,1910,2,691,,Active,,,http://www.redfin.com/WA/Seattle/1716-36th-Ave-98122/home/140483,NWMLS,1584461,N,Y,47.6170617,-122.2866977
MLS Listing,,Single Family Residential,3406 Magnolia Blvd W,Seattle,WA,98199,2285000,4,3.25,Magnolia,3260,7599,2003,2,701,,Active,,,http://www.redfin.com/WA/Seattle/3406-Magnolia-Blvd-W-98199/home/128413,NWMLS,1571804,N,Y,47.6506578,-122.4135234
MLS Listing,,Single Family Residential,309 NW 86th St,Seattle,WA,98117,850000,4,2.0,Greenwood,1780,4650,1906,3,478,,Active,,,http://www.redfin.com/WA/Seattle/309-NW-86th-St-98117/home/101336,NWMLS,1589146,N,Y,47.6912087,-122.3612834
MLS Listing,,Single Family Residential,8059 25th Ave NW,Seattle,WA,98117,965000,5,2.0,Loyal Heights,2730,3760,1983,3,353,,Active,,,http://www.redfin.com/WA/Seattle/8059-25th-Ave-NW-98117/home/166446,NWMLS,1591458,N,Y,47.6885429,-122.3890281
MLS Listing,,Single Family Residential,1604 Palm Ave SW,Seattle,WA,98116,1475000,5,2.5,North Admiral,3590,6000,1912,3,411,,Active,,,http://www.redfin.com/WA/Seattle/1604-Palm-Ave-SW-98116/home/150836,NWMLS,1590132,N,Y,47.5889803,-122.3835463
MLS Listing,,Single Family Residential,3264 57TH Ave SW,Seattle,WA,98116,2000000,5,3.0,Alki,4650,18500,1959,4,430,,Active,,,http://www.redfin.com/WA/Seattle/3264-57th-Ave-SW-98116/home/151368,NWMLS,1591314,N,Y,47.5739328,-122.405072
MLS Listing,,Single Family Residential,2227 22nd Ave E,Seattle,WA,98112,1349500,5,3.5,Montlake,3100,4093,1913,4,435,,Active,,,http://www.redfin.com/WA/Seattle/2227-22nd-Ave-E-98112/home/138502,NWMLS,1590317,N,Y,47.6391905,-122.3042771
MLS Listing,,Single Family Residential,4732 34th Ave NE,Seattle,WA,98105,1200000,4,2.25,Bryant,2432,4000,1922,4,493,,Active,,,http://www.redfin.com/WA/Seattle/4732-34th-Ave-NE-98105/home/313258,NWMLS,1590649,N,Y,47.6633483,-122.2909544
MLS Listing,,Single Family Residential,620 24th Ave E,Seattle,WA,98112,1445000,4,3.0,Arboretum,2590,3344,1907,4,558,,Active,,,http://www.redfin.com/WA/Seattle/620-24th-Ave-E-98112/home/146706,NWMLS,1588839,N,Y,47.6250483,-122.3009137
MLS Listing,,Single Family Residential,2843 34th Ave W,Seattle,WA,98199,1050000,3,2.25,Magnolia,2950,6400,1977,4,356,,Active,,,http://www.redfin.com/WA/Seattle/2843-34th-Ave-W-98199/home/127410,NWMLS,1587211,N,Y,47.646275,-122.4013305
MLS Listing,,Single Family Residential,4750 44th Ave NE,Seattle,WA,98105,2252000,4,3.25,Laurelhurst,4439,6120,2007,4,507,,Active,,,http://www.redfin.com/WA/Seattle/4750-44th-Ave-NE-98105/home/121752,NWMLS,1590183,N,Y,47.6645529,-122.2801742
MLS Listing,,Single Family Residential,2846 23rd Ave W,Seattle,WA,98199,925000,3,1.75,Magnolia,1712,6000,1907,4,540,,Active,,,http://www.redfin.com/WA/Seattle/2846-23rd-Ave-W-98199/home/124413,NWMLS,1590039,N,Y,47.646037,-122.385414
MLS Listing,,Single Family Residential,2010 NE 50th St,Seattle,WA,98105,1580000,8,4.0,Ravenna,3100,5000,1921,5,510,,Active,,,http://www.redfin.com/WA/Seattle/2010-NE-50th-St-98105/home/308247,NWMLS,1589851,N,Y,47.6650827,-122.3058416
MLS Listing,,Single Family Residential,5054 Pullman Ave NE,Seattle,WA,98105,1300000,3,2.5,Hawthorne Hills,2850,6000,1955,5,456,,Active,,,http://www.redfin.com/WA/Seattle/5054-Pullman-Ave-NE-98105/home/320162,NWMLS,1590800,N,Y,47.6706453,-122.2727774
MLS Listing,,Single Family Residential,102 21st Ave E,Seattle,WA,98112,1600000,8,3.75,Madison Valley,6293,7881,1916,5,254,,Active,,,http://www.redfin.com/WA/Seattle/102-21st-Ave-E-98112/home/171363444,NWMLS,1588266,N,Y,47.618613,-122.3044149
MLS Listing,,Single Family Residential,4760 47th Ave NE,Seattle,WA,98105,1250000,3,1.0,Laurelhurst,2410,9618,1918,5,519,,Active,,,http://www.redfin.com/WA/Seattle/4760-47th-Ave-NE-98105/home/121400,NWMLS,1589991,N,Y,47.6647556,-122.276968
MLS Listing,,Single Family Residential,7506 S Ryan St,Seattle,WA,98178,850000,3,1.75,Lakeridge,2740,8213,1952,5,310,,Active,,,http://www.redfin.com/WA/Seattle/7506-S-Ryan-St-98178/home/177578,NWMLS,1589818,N,Y,47.5098306,-122.2407799
MLS Listing,,Single Family Residential,2316 Boyer Ave E,Seattle,WA,98112,1795000,4,3.0,Montlake,3530,3120,1928,5,508,,Active,,,http://www.redfin.com/WA/Seattle/2316-Boyer-Ave-E-98112/home/137484,NWMLS,1590393,N,Y,47.6401244,-122.3114013
MLS Listing,,Single Family Residential,8028 17th Ave NW,Seattle,WA,98117,995000,4,2.5,Loyal Heights,1800,5300,1931,5,553,,Active,,,http://www.redfin.com/WA/Seattle/8028-17th-Ave-NW-98117/home/163177,NWMLS,1590632,N,Y,47.6876993,-122.378658
MLS Listing,,Single Family Residential,1652 21st Ave E,Seattle,WA,98112,1300000,3,3.0,North Capitol Hill,2050,2294,1924,5,634,,Active,,,http://www.redfin.com/WA/Seattle/1652-21st-Ave-E-98112/home/135843,NWMLS,1589758,N,Y,47.6347318,-122.3041813
MLS Listing,,Single Family Residential,1902 32nd Ave W,Seattle,WA,98199,1200000,3,2.5,Magnolia,2390,3478,1990,5,502,,Active,,,http://www.redfin.com/WA/Seattle/1902-32nd-Ave-W-98199/home/126777,NWMLS,1589786,N,Y,47.6360824,-122.3985943
MLS Listing,,Single Family Residential,5531 Woodlawn Ave N,Seattle,WA,98103,1499000,4,3.0,Green Lake,2710,3000,1910,5,553,,Active,,,http://www.redfin.com/WA/Seattle/5531-Woodlawn-Ave-N-98103/home/304729,NWMLS,1590654,N,Y,47.669663,-122.3382394
MLS Listing,,Single Family Residential,522 N 84th St,Seattle,WA,98103,950000,5,2.5,Greenwood,2800,3300,1914,5,339,,Active,,,http://www.redfin.com/WA/Seattle/522-N-84th-St-98103/home/299984,NWMLS,1590342,N,Y,47.6900405,-122.3515593
MLS Listing,,Single Family Residential,6040 27th Ave NE,Seattle,WA,98115,1050000,3,1.75,Bryant,2106,3300,1926,5,499,,Active,,,http://www.redfin.com/WA/Seattle/6040-27th-Ave-NE-98115/home/312484,NWMLS,1587483,N,Y,47.6733369,-122.2982943
MLS Listing,,Single Family Residential,3401 Magnolia Blvd W,Seattle,WA,98199,2245000,4,3.5,Magnolia,3669,8658,2020,5,612,,Active,,,http://www.redfin.com/WA/Seattle/3401-Magnolia-Blvd-W-98199/home/126566,NWMLS,1588133,N,Y,47.6507083,-122.4145684
MLS Listing,,Single Family Residential,918 N 77th St,Seattle,WA,98103,1050000,4,2.0,Green Lake,2500,4500,1925,6,420,,Active,,,http://www.redfin.com/WA/Seattle/918-N-77th-St-98103/home/300810,NWMLS,1590545,N,Y,47.6849668,-122.3462657
MLS Listing,,Single Family Residential,2061 NE 73rd St,Seattle,WA,98115,899000,3,1.75,Ravenna,1900,4950,1948,6,473,,Active,,,http://www.redfin.com/WA/Seattle/2061-NE-73rd-St-98115/home/309883,NWMLS,1590244,N,Y,47.6810988,-122.3058332
MLS Listing,,Single Family Residential,6511 4th Ave NW,Seattle,WA,98117,995000,3,2.25,Phinney Ridge,1930,3750,1929,6,516,,Active,,,http://www.redfin.com/WA/Seattle/6511-4th-Ave-NW-98117/home/497771,NWMLS,1589646,N,Y,47.6763948,-122.3617506
MLS Listing,,Single Family Residential,629 38th Ave,Seattle,WA,98122,982500,2,1.25,Madrona,2054,4908,1920,6,478,,Active,,,http://www.redfin.com/WA/Seattle/629-38th-Ave-98122/home/141200,NWMLS,1579851,N,Y,47.6076861,-122.2850999
MLS Listing,,Single Family Residential,2233 12th Ave W,Seattle,WA,98119,1295995,4,2.5,Queen Anne,2980,3000,1990,6,435,,Active,,,http://www.redfin.com/WA/Seattle/2233-12th-Ave-W-98119/home/130028,NWMLS,1589628,N,Y,47.6396234,-122.3728702
MLS Listing,,Single Family Residential,3046 SW Manning St,Seattle,WA,98126,1175000,4,3.5,Belvidere,3340,4120,2008,6,352,,Active,,,http://www.redfin.com/WA/Seattle/3046-SW-Manning-St-98126/home/18662426,NWMLS,1590120,N,Y,47.5714638,-122.3726039
MLS Listing,,Single Family Residential,2806 NE 77th St,Seattle,WA,98115,1249000,3,2.5,Wedgwood,3170,8303,1964,6,394,,Active,,,http://www.redfin.com/WA/Seattle/2806-NE-77th-St-98115/home/318629,NWMLS,1590060,N,Y,47.6851168,-122.2969194
MLS Listing,,Single Family Residential,318 Lee St,Seattle,WA,98109,2350000,5,3.75,Queen Anne,2670,6373,1904,6,880,,Active,,,http://www.redfin.com/WA/Seattle/318-Lee-St-98109/home/133520,NWMLS,1590135,N,Y,47.6316526,-122.3504591
MLS Listing,,Single Family Residential,7550 33rd Ave NE,Seattle,WA,98115,899900,3,2.0,Wedgwood,1840,7650,1939,6,489,,Active,,,http://www.redfin.com/WA/Seattle/7550-33rd-Ave-NE-98115/home/314649,NWMLS,1590128,N,Y,47.6844993,-122.2923469
MLS Listing,,Single Family Residential,6815 35th Ave NW,Seattle,WA,98117,1675000,4,3.5,Sunset Hill,3290,4200,1992,7,509,,Active,,,http://www.redfin.com/WA/Seattle/6815-35th-Ave-NW-98117/home/290396,NWMLS,1572116,N,Y,47.6787332,-122.4027033
MLS Listing,,Single Family Residential,815 N 45th St,Seattle,WA,98103,995000,5,1.75,Phinney Ridge,2980,5100,1925,7,334,,Active,,,http://www.redfin.com/WA/Seattle/815-N-45th-St-98103/home/302447,NWMLS,1589790,N,Y,47.6613012,-122.347872
MLS Listing,,Single Family Residential,2916 3RD Ave N,Seattle,WA,98109,939000,2,1.75,Queen Anne,1970,2310,1914,7,477,,Active,,,http://www.redfin.com/WA/Seattle/2916-3rd-Ave-N-98109/home/129196,NWMLS,1589608,N,Y,47.6461664,-122.3510919
MLS Listing,,Single Family Residential,7809 S sunnycrest Rd,Seattle,WA,98178,940000,3,2.5,Lakeridge,2870,6711,1953,8,328,,Active,,,http://www.redfin.com/WA/Seattle/7809-S-Sunnycrest-Rd-98178/home/197348,NWMLS,1589470,N,Y,47.5045496,-122.2347577
MLS Listing,,Single Family Residential,2330 NW 95th St,Seattle,WA,98117,1600000,3,2.75,North Beach,2900,5200,1959,8,552,,Active,,,http://www.redfin.com/WA/Seattle/2330-NW-95th-St-98117/home/289746,NWMLS,1587939,N,Y,47.6984805,-122.3867551
MLS Listing,,Single Family Residential,303 Lee St,Seattle,WA,98109,1675000,3,3.75,Queen Anne,2362,1288,2019,8,709,,Active,,,http://www.redfin.com/WA/Seattle/303-Lee-St-98109/home/167024574,NWMLS,1589365,N,Y,47.6312591,-122.3510202
MLS Listing,,Single Family Residential,1816 Martin Luther King Jr Way,Seattle,WA,98122,1620000,4,3.5,Madison Valley,3132,4020,2019,8,517,,Active,,,http://www.redfin.com/WA/Seattle/1816-Martin-Luther-King-Jr-Way-98122/home/148013,NWMLS,1589215,N,Y,47.6181773,-122.295822
MLS Listing,,Single Family Residential,8031 Meridian Ave N,Seattle,WA,98103,975000,3,3.0,Green Lake,1910,4905,1929,8,510,,Active,,,http://www.redfin.com/WA/Seattle/8031-Meridian-Ave-N-98103/home/307588,NWMLS,1581572,N,Y,47.6878935,-122.3334314
MLS Listing,,Single Family Residential,2510 NW 91st St,Seattle,WA,98117,1325000,4,2.25,North Beach,4360,15711,1945,10,304,,Active,,,http://www.redfin.com/WA/Seattle/2510-NW-91st-St-98117/home/289896,NWMLS,1586898,N,Y,47.6953922,-122.3890709
MLS Listing,,Single Family Residential,9725 Phinney Ave N,Seattle,WA,98103,850000,4,1.75,Greenwood,2200,5934,1938,10,386,,Active,,,http://www.redfin.com/WA/Seattle/9725-Phinney-Ave-N-98103/home/99250,NWMLS,1581738,N,Y,47.7004443,-122.3542911
MLS Listing,,Single Family Residential,1918 35th Ave W,Seattle,WA,98199,2450000,6,4.5,Magnolia,5170,5242,2009,11,474,,Active,,,http://www.redfin.com/WA/Seattle/1918-35th-Ave-W-98199/home/126530,NWMLS,1586484,N,Y,47.6364989,-122.4008213
MLS Listing,,Single Family Residential,2004 26th Ave W,Seattle,WA,98199,1675000,5,3.5,Magnolia,3670,6500,1949,11,456,,Active,,,http://www.redfin.com/WA/Seattle/2004-26th-Ave-W-98199/home/124340,NWMLS,1588492,N,Y,47.6371843,-122.3901061
MLS Listing,,Single Family Residential,3516 NE 43rd St,Seattle,WA,98105,1750000,5,3.5,Laurelhurst,4490,5000,1948,11,390,,Active,,,http://www.redfin.com/WA/Seattle/3516-NE-43rd-St-98105/home/122753,NWMLS,1588774,N,Y,47.6600841,-122.2894694
MLS Listing,,Single Family Residential,3013 NW 61st St,Seattle,WA,98107,2000000,6,3.5,Sunset Hill,4152,5000,2020,11,482,,Active,,,http://www.redfin.com/WA/Seattle/3013-NW-61st-St-98107/home/162206,NWMLS,1588777,N,Y,47.6727514,-122.3962862
MLS Listing,,Single Family Residential,2306 42nd Ave E,Seattle,WA,98112,2525000,5,3.25,Madison Park,3920,4800,2014,11,644,,Active,,,http://www.redfin.com/WA/Seattle/2306-42nd-Ave-E-98112/home/139960,NWMLS,1588730,N,Y,47.639373,-122.2781008
MLS Listing,,Single Family Residential,318 Martin Luther King Jr Way E,Seattle,WA,98112,879500,3,1.75,Madison Valley,2240,5120,1925,11,393,,Active,,,http://www.redfin.com/WA/Seattle/318-Martin-Luther-King-Jr-Way-E-98112/home/147699,NWMLS,1588374,N,Y,47.6219342,-122.2958495
MLS Listing,,Single Family Residential,5617 49th Ave SW,Seattle,WA,98136,949000,3,2.25,Seaview,1650,6250,1928,11,575,,Active,,,http://www.redfin.com/WA/Seattle/5617-49th-Ave-SW-98136/home/152738,NWMLS,1588560,N,Y,47.5515821,-122.3953325
MLS Listing,,Single Family Residential,2436 NW 64th St Unit C,Seattle,WA,98107,1025950,4,2.25,Ballard,2108,1000,2020,11,487,,Active,,,http://www.redfin.com/WA/Seattle/2436-NW-64th-St-98107/unit-C/home/171304984,NWMLS,1588415,N,Y,47.6755179,-122.3893059
MLS Listing,,Single Family Residential,1508 42nd Ave SW,Seattle,WA,98116,1050000,4,2.25,North Admiral,2370,4800,1929,11,443,,Active,,,http://www.redfin.com/WA/Seattle/1508-42nd-Ave-SW-98116/home/150663,NWMLS,1588501,N,Y,47.5900548,-122.3847122
MLS Listing,,Single Family Residential,1511 5th Ave N,Seattle,WA,98109,1499000,3,1.75,Queen Anne,2790,5949,1910,12,537,,Active,,,http://www.redfin.com/WA/Seattle/1511-5th-Ave-N-98109/home/131926,NWMLS,1586553,N,Y,47.632735,-122.347473
MLS Listing,,Single Family Residential,2217 NW 63rd St,Seattle,WA,98107,859950,4,2.0,Ballard,2070,2847,1905,12,415,,Active,,,http://www.redfin.com/WA/Seattle/2217-NW-63rd-St-98107/home/494625,NWMLS,1587540,N,Y,47.6743843,-122.3856167
MLS Listing,,Single Family Residential,314 NW 80th St,Seattle,WA,98117,875000,3,3.25,Greenwood,1650,4800,1913,12,530,,Active,,,http://www.redfin.com/WA/Seattle/314-NW-80th-St-98117/home/497764,NWMLS,1587438,N,Y,47.6871437,-122.3613594
MLS Listing,,Single Family Residential,2345 W Halladay St,Seattle,WA,98199,1695000,5,3.75,Magnolia,4330,7500,1942,12,391,,Active,,,http://www.redfin.com/WA/Seattle/2345-W-Halladay-St-98199/home/124023,NWMLS,1588144,N,Y,47.6419708,-122.3871577
MLS Listing,,Single Family Residential,11242 Marine View Dr SW,Seattle,WA,98146,1325000,4,3.25,Marine View,3852,9792,1938,12,344,,Active,,,http://www.redfin.com/WA/Seattle/11242-Marine-View-Dr-SW-98146/home/157706,NWMLS,1588320,N,Y,47.5017743,-122.3803972
MLS Listing,,Single Family Residential,3850 36th Ave W,Seattle,WA,98199,1975000,5,3.5,Magnolia,3817,6000,2020,12,517,,Active,,,http://www.redfin.com/WA/Seattle/3850-36th-Ave-W-98199/home/128730,NWMLS,1587432,N,Y,47.6555871,-122.4030422
MLS Listing,,Single Family Residential,4331 SW Brace Point Dr,Seattle,WA,98136,1300000,5,4.0,Fauntleroy,3770,7320,2007,12,345,,Active,,,http://www.redfin.com/WA/Seattle/4331-SW-Brace-Point-Dr-98136/home/157238,NWMLS,1586525,N,Y,47.520484,-122.3886873
MLS Listing,,Single Family Residential,12703 37th Ave NE,Seattle,WA,98125,1025000,4,2.5,Cedar Park,2624,7772,2014,12,391,,Active,,,http://www.redfin.com/WA/Seattle/12703-37th-Ave-NE-98125/home/52428237,NWMLS,1588000,N,Y,47.7213788,-122.2891827
MLS Listing,,Single Family Residential,946 19th Ave E,Seattle,WA,98112,1250000,4,1.5,Capitol Hill,1930,4320,1906,13,648,,Active,,,http://www.redfin.com/WA/Seattle/946-19th-Ave-E-98112/home/135511,NWMLS,1587205,N,Y,47.6282083,-122.3069323
MLS Listing,,Single Family Residential,1428 E Ward St,Seattle,WA,98112,3150000,5,4.25,Capitol Hill,5890,5610,1910,14,535,,Active,,,http://www.redfin.com/WA/Seattle/1428-E-Ward-St-98112/home/137302,NWMLS,1587412,N,Y,47.627867,-122.3131659
MLS Listing,,Single Family Residential,6046 53rd Ave NE,Seattle,WA,98115,1295000,4,1.75,Hawthorne Hills,2660,6000,1950,14,487,,Active,,,http://www.redfin.com/WA/Seattle/6046-53rd-Ave-NE-98115/home/320551,NWMLS,1585019,N,Y,47.6736766,-122.2700896
MLS Listing,,Single Family Residential,4323 Sunnyside Ave N,Seattle,WA,98103,1295000,3,1.5,Wallingford,1962,4560,1912,14,660,,Active,,,http://www.redfin.com/WA/Seattle/4323-Sunnyside-Ave-N-98103/home/117559,NWMLS,1586240,N,Y,47.6598905,-122.3304912
MLS Listing,,Single Family Residential,4445 S Frontenac St,Seattle,WA,98118,859950,5,4.0,Hillman City,2645,5022,2020,15,325,,Active,,,http://www.redfin.com/WA/Seattle/4445-S-Frontenac-St-98118/home/171280816,NWMLS,1587022,N,Y,47.5396004,-122.2761346
MLS Listing,,Single Family Residential,1615 N 49th St,Seattle,WA,98103,950000,4,2.5,Wallingford,2360,3000,1920,15,403,,Active,,,http://www.redfin.com/WA/Seattle/1615-N-49th-St-98103/home/118176,NWMLS,1586935,N,Y,47.6641211,-122.3384505
MLS Listing,,Single Family Residential,1709 E Marion St,Seattle,WA,98122,1399000,4,3.5,Central Area,2697,2480,2005,15,519,,Active,,,http://www.redfin.com/WA/Seattle/1709-E-Marion-St-98122/home/2086815,NWMLS,1586805,N,Y,47.6101404,-122.3097757
MLS Listing,,Single Family Residential,10118 Renton Ave S,Seattle,WA,98178,1200000,5,3.0,Upper Rainier Beach,2497,6440,1974,17,481,,Active,,,http://www.redfin.com/WA/Seattle/10118-Renton-Ave-S-98178/home/176642,NWMLS,1585906,N,Y,47.5099962,-122.2584809
MLS Listing,,Single Family Residential,418 N Bowdoin Pl,Seattle,WA,98103,2195000,3,3.25,Fremont,3453,4800,2018,18,636,,Active,,,http://www.redfin.com/WA/Seattle/418-N-Bowdoin-Pl-98103/home/303667,NWMLS,1586445,N,Y,47.6547793,-122.3536246
MLS Listing,,Single Family Residential,1717 Ferry Ave SW,Seattle,WA,98116,1495000,4,2.5,North Admiral,3290,5714,1991,18,454,,Active,,,http://www.redfin.com/WA/Seattle/1717-Ferry-Ave-SW-98116/home/150982,NWMLS,1582621,N,Y,47.5877753,-122.3842396
MLS Listing,,Single Family Residential,3039 39th Ave SW,Seattle,WA,98116,899950,4,1.75,North Admiral,2200,3225,1924,18,409,,Active,,,http://www.redfin.com/WA/Seattle/3039-39th-Ave-SW-98116/home/328414,NWMLS,1585984,N,Y,47.5757674,-122.3816491
MLS Listing,,Single Family Residential,2203 47th Ave SW,Seattle,WA,98116,1595000,4,2.25,North Admiral,2900,7824,1926,18,550,,Active,,,http://www.redfin.com/WA/Seattle/2203-47th-Ave-SW-98116/home/149794,NWMLS,1586522,N,Y,47.5838724,-122.3921078
MLS Listing,,Single Family Residential,3810 Linden Ave N,Seattle,WA,98103,1099000,3,2.25,Fremont,1770,1714,2012,18,621,,Active,,,http://www.redfin.com/WA/Seattle/3810-Linden-Ave-N-98103/home/45451412,NWMLS,1586337,N,Y,47.6531641,-122.3483311
MLS Listing,,Single Family Residential,7863 56th Pl NE,Seattle,WA,98115,2700000,5,3.25,View Ridge,4027,8626,2020,18,670,,Active,,,http://www.redfin.com/WA/Seattle/7863-56th-Pl-NE-98115/unit-B/home/112929229,NWMLS,1585146,N,Y,47.686231,-122.2684643
MLS Listing,,Single Family Residential,1215 Aurora Ave N,Seattle,WA,98109,925000,3,2.5,Queen Anne,1650,1577,2014,19,561,,Active,,,http://www.redfin.com/WA/Seattle/1215-Aurora-Ave-N-98109/home/18657302,NWMLS,1575810,N,Y,47.6302014,-122.3438844
MLS Listing,,Single Family Residential,1718 45th Ave SW,Seattle,WA,98116,1099950,4,2.0,North Admiral,3024,5000,1905,19,364,,Active,,,http://www.redfin.com/WA/Seattle/1718-45th-Ave-SW-98116/home/329950,NWMLS,1585797,N,Y,47.5874947,-122.3886363
MLS Listing,,Single Family Residential,4603 3rd Ave NW,Seattle,WA,98107,897444,4,1.75,Fremont,1860,3270,1948,19,482,,Active,,,http://www.redfin.com/WA/Seattle/4603-3rd-Ave-NW-98107/home/302405,NWMLS,1583620,N,Y,47.6623635,-122.3609762
MLS Listing,,Single Family Residential,3424 E Denny Way,Seattle,WA,98122,1875000,6,3.5,Denny Blaine,3311,4000,1920,19,566,,Active,,,http://www.redfin.com/WA/Seattle/3424-E-Denny-Way-98112/home/141894,NWMLS,1586008,N,Y,47.6185492,-122.2875479
MLS Listing,,Single Family Residential,2510 Queen Anne Ave N,Seattle,WA,98109,1825000,4,2.75,Queen Anne,2340,4800,1916,19,780,,Active,,,http://www.redfin.com/WA/Seattle/2510-Queen-Anne-Ave-N-98109/home/129407,NWMLS,1585518,N,Y,47.6418237,-122.3565205
MLS Listing,,Single Family Residential,13518 3rd Ave NE,Seattle,WA,98125,1120000,3,2.75,Haller Lake,2540,7027,2020,20,441,,Active,,,http://www.redfin.com/WA/Seattle/13518-3rd-Ave-NE-98125/home/171242988,NWMLS,1584542,N,Y,47.7273157,-122.3259729
MLS Listing,,Single Family Residential,6549 53rd Ave NE,Seattle,WA,98115,1150000,4,2.5,View Ridge,2370,5985,1943,20,485,,Active,,,http://www.redfin.com/WA/Seattle/6549-53rd-Ave-NE-98115/home/322066,NWMLS,1583065,N,Y,47.6772049,-122.2708598
MLS Listing,,Single Family Residential,1017 5th Ave W,Seattle,WA,98119,2350000,3,3.0,Queen Anne,3180,6400,1922,22,739,,Active,,,http://www.redfin.com/WA/Seattle/1017-5th-Ave-W-98119/home/134486,NWMLS,1585175,N,Y,47.6283098,-122.3634913
MLS Listing,,Single Family Residential,10055 8th Ave NW,Seattle,WA,98177,1799900,6,3.75,Crown Hill,3064,6885,2019,22,587,,Active,,,http://www.redfin.com/WA/Seattle/10055-8th-Ave-NW-98177/home/95362,NWMLS,1585055,N,Y,47.7031856,-122.3664099
MLS Listing,,Single Family Residential,8518 30th Ave NW,Seattle,WA,98117,1649000,5,3.5,North Beach,3100,7496,2020,22,532,,Active,,,http://www.redfin.com/WA/Seattle/8518-30th-Ave-NW-98117/home/163454,NWMLS,1584701,N,Y,47.6911732,-122.3955042
MLS Listing,,Single Family Residential,6521 36th Ave NW,Seattle,WA,98117,2895000,5,4.25,Sunset Hill,4386,6608,2020,24,660,,Active,,,http://www.redfin.com/WA/Seattle/6521-36th-Ave-NW-98117/home/290583,NWMLS,1584591,N,Y,47.6765977,-122.4036249
MLS Listing,,Single Family Residential,1526 35th Ave,Seattle,WA,98122,1915000,4,3.5,Madrona,3610,5984,1905,25,530,,Active,,,http://www.redfin.com/WA/Seattle/1526-35th-Ave-98122/home/140803,NWMLS,1584345,N,Y,47.6150096,-122.2877977
MLS Listing,,Single Family Residential,1713 3rd Ave N,Seattle,WA,98109,1420000,4,2.0,Queen Anne,2100,6000,1910,25,676,,Active,,,http://www.redfin.com/WA/Seattle/1713-3rd-Ave-N-98109/home/133690,NWMLS,1584103,N,Y,47.6344826,-122.3522285
MLS Listing,,Single Family Residential,3460 SW 111th St,Seattle,WA,98146,999950,4,2.5,Arbor Heights,2690,6890,1958,25,372,,Active,,,http://www.redfin.com/WA/Seattle/3460-SW-111th-St-98146/home/158077,NWMLS,1584281,N,Y,47.5039764,-122.3757249
MLS Listing,,Single Family Residential,3205 42nd Ave SW,Seattle,WA,98116,1188000,3,2.25,Admiral,2780,3900,2010,25,427,,Active,,,http://www.redfin.com/WA/Seattle/3205-42nd-Ave-SW-98116/home/28581550,NWMLS,1582986,N,Y,47.5754449,-122.3858895
MLS Listing,,Single Family Residential,11557 Evanston Ave N,Seattle,WA,98133,924000,5,2.0,Broadview,3990,8055,1921,26,232,,Active,,,http://www.redfin.com/WA/Seattle/11557-Evanston-Ave-N-98133/home/97542,NWMLS,1583488,N,Y,47.7139216,-122.3518191
MLS Listing,,Single Family Residential,6017 Oberlin Ave NE,Seattle,WA,98115,1489000,3,3.5,Hawthorne Hills,2760,5000,2012,27,539,,Active,,,http://www.redfin.com/WA/Seattle/6017-Oberlin-Ave-NE-98115/home/320672,NWMLS,1582399,N,Y,47.6728102,-122.2788516
MLS Listing,,Single Family Residential,1817 Madrona Dr,Seattle,WA,98122,3170000,5,5.5,Madrona,4559,5091,2020,27,695,,Active,,,http://www.redfin.com/WA/Seattle/1817-Madrona-Dr-98122/home/141569,NWMLS,1583533,N,Y,47.6180146,-122.2851654
MLS Listing,,Single Family Residential,3809 NE 97th St,Seattle,WA,98115,960000,4,2.75,Wedgwood,2500,7200,1967,27,384,,Active,,,http://www.redfin.com/WA/Seattle/3809-NE-97th-St-98115/home/113032,NWMLS,1583639,N,Y,47.6990218,-122.2874741
MLS Listing,,Single Family Residential,10416 42nd Ave NE,Seattle,WA,98125,898000,4,2.5,Meadowbrook,2300,7914,1961,27,390,,Active,,,http://www.redfin.com/WA/Seattle/10416-42nd-Ave-NE-98125/home/112550,NWMLS,1578633,N,Y,47.7042915,-122.2824279
MLS Listing,,Single Family Residential,5517 5th Ave NW,Seattle,WA,98107,1495000,5,3.5,Phinney Ridge,3020,5000,1911,27,495,,Active,,,http://www.redfin.com/WA/Seattle/5517-5th-Ave-NW-98107/home/494251,NWMLS,1571326,N,Y,47.6692501,-122.3631991
MLS Listing,,Single Family Residential,636 W Mercer Pl Unit 1-2,Seattle,WA,98119,1350000,3,2.0,Queen Anne,2420,6400,1907,27,558,,Active,,,http://www.redfin.com/WA/Seattle/636-W-Mercer-Pl-98119/unit-1-2/home/171193205,NWMLS,1583451,N,Y,47.6261509,-122.3658817
MLS Listing,,Single Family Residential,6542 Jones Ave NW,Seattle,WA,98117,1759000,5,4.5,Ballard,3115,5000,2020,27,565,,Active,,,http://www.redfin.com/WA/Seattle/6542-Jones-Ave-NW-98117/home/166295,NWMLS,1583471,N,Y,47.677137,-122.386103
MLS Listing,,Single Family Residential,3264 11th Ave W,Seattle,WA,98119,998000,3,1.5,Queen Anne,2180,4861,1942,28,458,,Active,,,http://www.redfin.com/WA/Seattle/3264-11th-Ave-W-98119/home/129868,NWMLS,1578350,N,Y,47.6503234,-122.371258
MLS Listing,,Single Family Residential,948 Harvard Ave E,Seattle,WA,98102,3250000,6,3.5,Capitol Hill,7950,7500,1909,28,409,,Active,,,http://www.redfin.com/WA/Seattle/948-Harvard-Ave-E-98102/home/137378,NWMLS,1583222,N,Y,47.6282915,-122.3220225
MLS Listing,,Single Family Residential,7751 37th Ave NE,Seattle,WA,98115,2099000,5,3.25,Wedgwood,3610,4000,2020,28,581,,Active,,,http://www.redfin.com/WA/Seattle/7751-37th-Ave-NE-98115/home/317808,NWMLS,1577830,N,Y,47.6863846,-122.2888103
MLS Listing,,Single Family Residential,621 627 NW 44th St,Seattle,WA,98107,1700000,6,2.0,Fremont,2830,6752,1911,28,601,,Active,,,http://www.redfin.com/WA/Seattle/627-NW-44th-St-98107/home/302578,NWMLS,1583104,N,Y,47.6606304,-122.3651889
MLS Listing,,Single Family Residential,1122 26th Ave,Seattle,WA,98122,1154000,4,2.0,Central Area,2790,3390,1919,28,414,,Active,,,http://www.redfin.com/WA/Seattle/1122-26th-Ave-98122/home/145970,NWMLS,1552292,N,Y,47.6122539,-122.2985442
MLS Listing,,Single Family Residential,4461 26th Ave SW,Seattle,WA,98106,1049000,4,1.75,Delridge,2940,5200,1925,28,357,,Active,,,http://www.redfin.com/WA/Seattle/4461-26th-Ave-SW-98106/home/159102,NWMLS,1583148,N,Y,47.5630827,-122.3660802
MLS Listing,,Single Family Residential,4228 Interlake Ave N,Seattle,WA,98103,1199000,3,1.5,Wallingford,1560,4000,1921,28,769,,Active,,,http://www.redfin.com/WA/Seattle/4228-Interlake-Ave-N-98103/home/118356,NWMLS,1579891,N,Y,47.6589287,-122.340489
MLS Listing,,Single Family Residential,1608 38th Ave E,Seattle,WA,98112,1895000,3,2.75,Madison Park,3500,6000,1910,29,541,,Active,,,http://www.redfin.com/WA/Seattle/1608-38th-Ave-E-98112/home/139440,NWMLS,1582999,N,Y,47.6337861,-122.2837682
MLS Listing,,Single Family Residential,3430 12th Ave W,Seattle,WA,98119,1495000,4,2.5,Queen Anne,2650,6000,1997,29,564,,Active,,,http://www.redfin.com/WA/Seattle/3430-12th-Ave-W-98119/home/131562,NWMLS,1582434,N,Y,47.6513673,-122.3719236
MLS Listing,,Single Family Residential,4732 48th Ave NE,Seattle,WA,98105,1340000,3,2.5,Laurelhurst,2140,5200,1944,30,626,,Active,,,http://www.redfin.com/WA/Seattle/4732-48th-Ave-NE-98105/home/121639,NWMLS,1578093,N,Y,47.664058,-122.2754678
MLS Listing,,Single Family Residential,3428 11th Ave W,Seattle,WA,98119,2400000,5,4.5,Queen Anne,3270,6000,2014,30,734,,Active,,,http://www.redfin.com/WA/Seattle/3428-11th-Ave-W-98119/home/130785,NWMLS,1582155,N,Y,47.6513984,-122.3711461
MLS Listing,,Single Family Residential,2441 Queen Anne Ave N,Seattle,WA,98109,2300000,4,4.25,Queen Anne,3430,3600,2005,30,671,,Active,,,http://www.redfin.com/WA/Seattle/2441-Queen-Anne-Ave-N-98109/home/130600,NWMLS,1577950,N,Y,47.640787,-122.357301
MLS Listing,,Single Family Residential,1623 6th Ave W,Seattle,WA,98119,1295000,3,1.75,Queen Anne,2300,5400,1904,30,563,,Active,,,http://www.redfin.com/WA/Seattle/1623-6th-Ave-W-98119/home/133635,NWMLS,1582227,N,Y,47.634258,-122.3653835
MLS Listing,,Single Family Residential,1109 NW 87th St,Seattle,WA,98117,875000,4,2.0,Crown Hill,1972,4400,1930,31,444,,Active,,,http://www.redfin.com/WA/Seattle/1109-NW-87th-St-98117/home/100136,NWMLS,1581988,N,Y,47.6919128,-122.3708453
MLS Listing,,Single Family Residential,6546 25th Ave NW,Seattle,WA,98117,1763000,5,3.75,Loyal Heights,3258,5100,2020,31,541,,Active,,,http://www.redfin.com/WA/Seattle/6546-25th-Ave-NW-98117/home/166672,NWMLS,1582093,N,Y,47.6772491,-122.3883934
MLS Listing,,Single Family Residential,9674 50th Ave SW,Seattle,WA,98136,1187500,3,2.75,Lincoln Park,2730,11285,1908,31,435,,Active,,,http://www.redfin.com/WA/Seattle/9674-50th-Ave-SW-98136/home/158313,NWMLS,1581980,N,Y,47.5156094,-122.3951643
MLS Listing,,Single Family Residential,4526 Beach Dr SW,Seattle,WA,98116,1396000,4,2.5,Beach Drive,2680,6754,1921,31,521,,Active,,,http://www.redfin.com/WA/Seattle/4526-Beach-Dr-SW-98116/home/154223,NWMLS,1581504,N,Y,47.5624719,-122.4052628
MLS Listing,,Single Family Residential,2911 W Howe St,Seattle,WA,98199,2295000,4,3.0,Magnolia,3931,5000,2020,32,584,,Active,,,http://www.redfin.com/WA/Seattle/2911-W-Howe-St-98199/home/126388,NWMLS,1581841,N,Y,47.6357766,-122.3948677
MLS Listing,,Single Family Residential,2823 NW 66th St,Seattle,WA,98117,1650000,4,3.25,Ballard,3496,5000,2020,32,472,,Active,,,http://www.redfin.com/WA/Seattle/2823-NW-66th-St-98117/home/165231,NWMLS,1579621,N,Y,47.6764149,-122.3940221
MLS Listing,,Single Family Residential,2412 E Miller St,Seattle,WA,98112,1698000,4,3.0,Montlake,3400,4000,1926,32,499,,Active,,,http://www.redfin.com/WA/Seattle/2412-E-Miller-St-98112/home/138439,NWMLS,1572333,N,Y,47.641941,-122.3013561
MLS Listing,,Single Family Residential,178 Lake Dell Ave,Seattle,WA,98122,850000,4,2.75,Leschi,1900,8443,1919,33,447,,Active,,,http://www.redfin.com/WA/Seattle/178-Lake-Dell-Ave-98122/home/140954,NWMLS,1580629,N,Y,47.6029068,-122.2895468
MLS Listing,,Single Family Residential,534 N 79th St,Seattle,WA,98103,1250000,5,2.5,Green Lake,2623,4000,1925,33,477,,Active,,,http://www.redfin.com/WA/Seattle/534-N-79th-St-98103/home/301263,NWMLS,1578899,N,Y,47.6864231,-122.35105
MLS Listing,,Single Family Residential,2417 NW 60th St,Seattle,WA,98107,1500000,3,1.75,Ballard,2340,5000,1912,33,641,,Active,,,http://www.redfin.com/WA/Seattle/2417-NW-60th-St-98107/home/161964,NWMLS,1580962,N,Y,47.6721982,-122.3884999
MLS Listing,,Single Family Residential,10336 Interlake Ave N,Seattle,WA,98133,894000,4,1.75,Northgate,2028,4980,1944,33,441,,Active,,,http://www.redfin.com/WA/Seattle/10336-Interlake-Ave-N-98133/home/105523,NWMLS,1580906,N,Y,47.7043715,-122.3403337
MLS Listing,,Single Family Residential,3522 Densmore Ave N,Seattle,WA,98103,1838248,4,5.0,Wallingford,3870,4845,1982,33,475,,Active,,,http://www.redfin.com/WA/Seattle/3522-Densmore-Ave-N-98103/home/119486,NWMLS,1580841,N,Y,47.6499334,-122.3372052
MLS Listing,,Single Family Residential,4815 Stone Way N,Seattle,WA,98103,959900,4,1.75,Wallingford,2320,3200,1922,33,414,,Active,,,http://www.redfin.com/WA/Seattle/4815-Stone-Way-N-98103/home/119530,NWMLS,1579724,N,Y,47.6640188,-122.3412905
MLS Listing,,Single Family Residential,1649 Shenandoah Dr E,Seattle,WA,98112,3400000,4,4.0,Broadmoor,4728,8700,1928,33,719,,Active,,,http://www.redfin.com/WA/Seattle/1649-Shenandoah-Dr-E-98112/home/138874,NWMLS,1579372,N,Y,47.6350364,-122.2895731
MLS Listing,,Single Family Residential,7231 3rd Ave NW,Seattle,WA,98117,979500,2,2.25,Phinney Ridge,2700,4829,1920,34,363,,Active,,,http://www.redfin.com/WA/Seattle/7231-3rd-Ave-NW-98117/home/498743,NWMLS,1579074,N,Y,47.6816516,-122.3607069
MLS Listing,,Single Family Residential,6533 21st Ave NW,Seattle,WA,98117,999000,5,3.75,Loyal Heights,2700,5100,1928,34,370,,Active,,,http://www.redfin.com/WA/Seattle/6533-21st-Ave-NW-98117/home/164762,NWMLS,1580104,N,Y,47.6769079,-122.3834979
MLS Listing,,Single Family Residential,5802 4th Ave NW,Seattle,WA,98107,995000,4,2.5,Ballard,2060,4000,1926,34,483,,Active,,,http://www.redfin.com/WA/Seattle/5802-4th-Ave-NW-98107/home/493678,NWMLS,1573594,N,Y,47.6710412,-122.3615651
MLS Listing,,Single Family Residential,5412 21st Ave NE,Seattle,WA,98105,1499950,3,1.75,Ravenna,3682,5000,1914,34,407,,Active,,,http://www.redfin.com/WA/Seattle/5412-21st-Ave-NE-98105/home/308376,NWMLS,1577983,N,Y,47.6684035,-122.3050992
MLS Listing,,Single Family Residential,2812 36th Ave W,Seattle,WA,98199,1021000,4,2.5,Magnolia,2140,7000,1943,34,477,,Active,,,http://www.redfin.com/WA/Seattle/2812-36th-Ave-W-98199/home/128033,NWMLS,1578319,N,Y,47.6454361,-122.4033104
MLS Listing,,Single Family Residential,8019 14th Ave NW,Seattle,WA,98117,1589000,5,3.5,Ballard,3710,5080,2016,34,428,,Active,,,http://www.redfin.com/WA/Seattle/8019-14th-Ave-NW-98117/home/496444,NWMLS,1579285,N,Y,47.6875574,-122.3743858
MLS Listing,,Single Family Residential,4521 W McLaren St,Seattle,WA,98199,1195000,2,1.75,Magnolia,1760,10657,1973,35,679,,Active,,,http://www.redfin.com/WA/Seattle/4521-W-McLaren-St-98199/home/126076,NWMLS,1574697,N,Y,47.651336,-122.4160134
MLS Listing,,Single Family Residential,2240 W Viewmont Way W,Seattle,WA,98199,3450000,4,3.0,Magnolia,4473,5132,2020,36,771,,Active,,,http://www.redfin.com/WA/Seattle/2240-Viewmont-Way-W-98199/home/126186,NWMLS,1578647,N,Y,47.637862,-122.406268
MLS Listing,,Single Family Residential,2418 E Miller St,Seattle,WA,98112,1895000,5,4.0,Montlake,3730,4000,1925,36,508,,Active,,,http://www.redfin.com/WA/Seattle/2418-E-Miller-St-98112/home/138135,NWMLS,1578746,N,Y,47.6419441,-122.301234
MLS Listing,,Single Family Residential,330 NE 91st St,Seattle,WA,98115,880000,3,1.0,Maple Leaf,2980,8183,1940,36,295,,Active,,,http://www.redfin.com/WA/Seattle/330-NE-91st-St-98115/home/109641,NWMLS,1578638,N,Y,47.6951461,-122.3241569
MLS Listing,,Single Family Residential,2420 1st Ave W,Seattle,WA,98119,1249000,4,1.5,Queen Anne,1980,4800,1907,37,631,,Active,,,http://www.redfin.com/WA/Seattle/2420-1st-Ave-W-98119/home/129961,NWMLS,1578228,N,Y,47.6402145,-122.3579622
MLS Listing,,Single Family Residential,5447 21st Ave SW,Seattle,WA,98106,1045000,5,3.75,Delridge,2784,5465,2020,38,375,,Active,,,http://www.redfin.com/WA/Seattle/5447-21st-Ave-SW-98106/home/161600,NWMLS,1563758,N,Y,47.552371,-122.3604108
MLS Listing,,Single Family Residential,4911 NE Laurelcrest Ln,Seattle,WA,98105,13250000,6,6.5,Laurelhurst,9590,34665,2008,38,1382,,Active,,,http://www.redfin.com/WA/Seattle/4911-NE-Laurelcrest-Ln-98105/home/121589,NWMLS,1577320,N,Y,47.6531779,-122.2758925
MLS Listing,,Single Family Residential,1216 E John St,Seattle,WA,98102,1100000,5,1.5,Capitol Hill,1970,3300,1902,38,558,,Active,,,http://www.redfin.com/WA/Seattle/1216-E-John-St-98102/home/143030,NWMLS,1571903,N,Y,47.6201229,-122.3161538
MLS Listing,,Single Family Residential,2029 Yale Ave E,Seattle,WA,98102,2000000,3,0.75,Eastlake,1150,5500,1907,38,1739,,Active,,,http://www.redfin.com/WA/Seattle/2029-Yale-Ave-E-98102/home/132263,NWMLS,1578419,N,Y,47.6377595,-122.3274421
MLS Listing,,Single Family Residential,5207 S Willow St,Seattle,WA,98118,1349888,4,3.5,Seward Park,3474,4933,2015,39,389,,Active,,,http://www.redfin.com/WA/Seattle/5207-S-Willow-St-98118/home/59703208,NWMLS,1578009,N,Y,47.5405396,-122.2666117
MLS Listing,,Single Family Residential,5750 S Ryan St,Seattle,WA,98178,900000,4,3.5,Rainier Beach,3426,5264,2012,39,263,,Active,,,http://www.redfin.com/WA/Seattle/5750-S-Ryan-St-98178/home/22590155,NWMLS,1575501,N,Y,47.5099069,-122.2598504
MLS Listing,,Single Family Residential,8504 S 125th St,Renton,WA,98057,950000,5,2.75,Bryn Mawr,3640,10713,1963,39,261,,Active,,,http://www.redfin.com/WA/Renton/8504-S-125th-St-98057/home/197245,NWMLS,1567638,N,Y,47.491166,-122.225632
MLS Listing,,Single Family Residential,2001 Broadmoor Dr E,Seattle,WA,98112,7000000,5,5.5,Broadmoor,8030,19750,2009,39,872,434,Active,,,http://www.redfin.com/WA/Seattle/2001-Broadmoor-Dr-E-98112/home/138925,NWMLS,1577918,N,Y,47.6371728,-122.2885099
MLS Listing,,Single Family Residential,2817 92nd St,Seattle,WA,98117,989000,3,3.0,North Beach,2680,5610,1947,39,369,,Active,,,http://www.redfin.com/WA/Seattle/2817-NW-92nd-St-98117/home/289246,NWMLS,1578161,N,Y,47.6958545,-122.393586
MLS Listing,,Single Family Residential,9664 Rainier Ave S,Seattle,WA,98118,1200000,3,1.75,Rainier Beach,1640,2614,1963,39,732,,Active,,,http://www.redfin.com/WA/Seattle/9664-Rainier-Ave-S-98118/home/177718,NWMLS,1577818,N,Y,47.5180673,-122.2552013
MLS Listing,,Single Family Residential,12049 20th Ave NE,Seattle,WA,98125,1375950,5,3.0,Victory Heights,3273,7486,2020,40,420,,Active,,,http://www.redfin.com/WA/Seattle/12049-20th-Ave-NE-98125/home/171089000,NWMLS,1570193,N,Y,47.7170925,-122.3072043
MLS Listing,,Single Family Residential,3408 30th Ave W,Seattle,WA,98199,1795000,4,3.0,Magnolia,3570,5100,2003,40,503,,Active,,,http://www.redfin.com/WA/Seattle/3408-30th-Ave-W-98199/home/127015,NWMLS,1574871,N,Y,47.6508542,-122.3952671
MLS Listing,,Single Family Residential,1205 E Hamlin St,Seattle,WA,98102,2680000,5,4.0,Portage Bay,4160,4056,2017,41,644,,Active,,,http://www.redfin.com/WA/Seattle/1205-E-Hamlin-St-98102/home/138056,NWMLS,1569927,N,Y,47.6454426,-122.316518
MLS Listing,,Single Family Residential,1318 N Lucas Pl,Seattle,WA,98103,1500000,5,3.25,Wallingford,3040,3280,1917,41,493,,Active,,,http://www.redfin.com/WA/Seattle/1318-N-Lucas-Pl-98103/home/118276,NWMLS,1575582,N,Y,47.6562122,-122.3414905
MLS Listing,,Single Family Residential,809 38th Ave,Seattle,WA,98122,1995000,3,2.0,Madrona,3067,8400,1942,41,650,,Active,,,http://www.redfin.com/WA/Seattle/809-38th-Ave-98122/home/141508,NWMLS,1576420,N,Y,47.6095346,-122.2850706
MLS Listing,,Single Family Residential,612 36th Ave,Seattle,WA,98122,1895000,4,2.75,Madrona,4450,4000,1910,41,426,,Active,,,http://www.redfin.com/WA/Seattle/612-36th-Ave-98122/home/140835,NWMLS,1576883,N,Y,47.6072534,-122.2869937
MLS Listing,,Single Family Residential,6412 NE 60th St,Seattle,WA,98115,1150000,4,2.0,Windermere,2210,6206,1950,41,520,,Active,,,http://www.redfin.com/WA/Seattle/6412-NE-60th-St-98115/home/120704,NWMLS,1575407,N,Y,47.672283,-122.2589711
MLS Listing,,Single Family Residential,1419 Broadmoor Dr E,Seattle,WA,98112,3198000,4,4.0,Broadmoor,4570,11305,1936,41,700,200,Active,,,http://www.redfin.com/WA/Seattle/1419-Broadmoor-Dr-E-98112/home/138998,NWMLS,1575389,N,Y,47.6318467,-122.2884158
MLS Listing,,Single Family Residential,2325 W Viewmont Way W,Seattle,WA,98199,1549000,4,2.5,Magnolia,3000,5350,1952,41,516,,Active,,,http://www.redfin.com/WA/Seattle/2325-W-Viewmont-Way-W-98199/home/125176,NWMLS,1562791,N,Y,47.638855,-122.408142
MLS Listing,,Single Family Residential,4031 42nd Ave S,Seattle,WA,98118,1100000,5,2.75,Mt Baker,3754,6000,1920,41,293,,Active,,,http://www.redfin.com/WA/Seattle/4031-42nd-Ave-S-98118/home/489009,NWMLS,1575923,N,Y,47.5669842,-122.2810646
MLS Listing,,Single Family Residential,321 Martin Luther King Jr Way S,Seattle,WA,98144,899000,5,2.0,Central Area,1900,3600,1901,42,473,,Active,,,http://www.redfin.com/WA/Seattle/321-Martin-Luther-King-Jr-Way-S-98144/home/143094,NWMLS,1575911,N,Y,47.5996977,-122.2976885
MLS Listing,,Single Family Residential,2015 McGilvra Blvd E,Seattle,WA,98112,2275000,5,4.25,Madison Park,3760,4000,2017,42,605,,Active,,,http://www.redfin.com/WA/Seattle/2015-McGilvra-Blvd-E-98112/home/139874,NWMLS,1576270,N,Y,47.637436,-122.2811284
MLS Listing,,Single Family Residential,402 W Galer St,Seattle,WA,98119,1595000,5,4.0,Queen Anne,2849,4440,1905,42,560,,Active,,,http://www.redfin.com/WA/Seattle/402-W-Galer-St-98119/home/132815,NWMLS,1575348,N,Y,47.6325561,-122.3626801
MLS Listing,,Single Family Residential,219 37th Ave E,Seattle,WA,98112,3295000,5,2.75,Denny Blaine,4940,8000,1909,43,667,,Active,,,http://www.redfin.com/WA/Seattle/219-37th-Ave-E-98112/home/140385,NWMLS,1574713,N,Y,47.6207113,-122.2861448
MLS Listing,,Single Family Residential,5319 9th Ave NE,Seattle,WA,98105,1695000,9,4.0,University District,3280,4400,1914,43,517,,Active,,,http://www.redfin.com/WA/Seattle/5319-9th-Ave-NE-98105/home/311983,NWMLS,1575344,N,Y,47.6676903,-122.3186546
MLS Listing,,Single Family Residential,222 NW 95th St,Seattle,WA,98117,1658000,5,3.0,Greenwood,3590,6900,2019,43,462,,Active,,,http://www.redfin.com/WA/Seattle/222-NW-95th-St-98117/home/100312,NWMLS,1573093,N,Y,47.6980352,-122.3601582
MLS Listing,,Single Family Residential,1206 E Newton St,Seattle,WA,98102,2200000,4,3.0,Capitol Hill,4660,4000,1915,46,472,,Active,,,http://www.redfin.com/WA/Seattle/1206-E-Newton-St-98102/home/136233,NWMLS,1574680,N,Y,47.637459,-122.3169341
MLS Listing,,Single Family Residential,334 W Kinnear Pl,Seattle,WA,98119,2395000,4,3.25,Queen Anne,3210,6674,1925,46,746,,Active,,,http://www.redfin.com/WA/Seattle/334-W-Kinnear-Pl-98119/home/133794,NWMLS,1574541,N,Y,47.6279917,-122.3622176
MLS Listing,,Single Family Residential,11014 Cornell Ave S,Seattle,WA,98178,1497999,7,7.25,Lakeridge,5060,7410,2017,46,296,,Active,,,http://www.redfin.com/WA/Seattle/11014-Cornell-Ave-S-98178/home/199205,NWMLS,1574515,N,Y,47.5046002,-122.2413919
MLS Listing,,Single Family Residential,4015 Fremont Ave N,Seattle,WA,98103,899000,2,1.0,Fremont,1026,4000,1912,47,876,,Active,,,http://www.redfin.com/WA/Seattle/4015-Fremont-Ave-N-98103/home/302845,NWMLS,1572735,N,Y,47.6558636,-122.3503265
MLS Listing,,Single Family Residential,1511 E Alder St,Seattle,WA,98122,950000,6,1.75,Capitol Hill,4433,3360,1904,47,214,,Active,,,http://www.redfin.com/WA/Seattle/1511-E-Alder-St-98122/home/144671,NWMLS,1574259,N,Y,47.6041739,-122.3122762
MLS Listing,,Single Family Residential,8832 Interlake Ave N,Seattle,WA,98103,950000,2,1.0,Green Lake,1560,5125,1946,48,609,,Active,,,http://www.redfin.com/WA/Seattle/8832-Interlake-Ave-N-98103/home/104899,NWMLS,1573235,N,Y,47.6933727,-122.3398679
MLS Listing,,Single Family Residential,6021 Beach Dr SW,Seattle,WA,98136,2950000,3,3.5,Beach Drive,3739,16355,2016,48,789,,Active,,,http://www.redfin.com/WA/Seattle/6021-Beach-Dr-SW-98136/home/153846,NWMLS,1572471,N,Y,47.5477959,-122.3985143
MLS Listing,,Single Family Residential,9308 28th Ave NW,Seattle,WA,98117,1220000,4,4.25,North Beach,3718,5928,1981,48,328,,Active,,,http://www.redfin.com/WA/Seattle/9308-28th-Ave-NW-98117/home/289938,NWMLS,1572665,N,Y,47.697097,-122.3926404
MLS Listing,,Single Family Residential,5221 Lake Washington Blvd S,Seattle,WA,98118,2300000,4,2.25,Hillman City,2710,20197,1921,48,849,,Active,,,http://www.redfin.com/WA/Seattle/5221-Lake-Washington-Blvd-S-98118/home/490408,NWMLS,1571286,N,Y,47.5541535,-122.2613371
MLS Listing,,Single Family Residential,3718 E Alder St,Seattle,WA,98122,875000,3,1.75,Leschi,1800,4150,1901,49,486,,Active,,,http://www.redfin.com/WA/Seattle/3718-E-Alder-St-98122/home/140818,NWMLS,1572683,N,Y,47.6040766,-122.2856972
MLS Listing,,Single Family Residential,3715 41st Ave S,Seattle,WA,98144,2999000,5,3.5,Mt Baker,5034,5150,2020,53,596,,Active,,,http://www.redfin.com/WA/Seattle/3715-41st-Ave-S-98144/home/22485857,NWMLS,1571116,N,Y,47.57018,-122.282125
MLS Listing,,Single Family Residential,421 30th Ave S,Seattle,WA,98144,1995000,5,3.5,Leschi,4870,10350,1887,53,410,,Active,,,http://www.redfin.com/WA/Seattle/421-30th-Ave-S-98144/home/12184157,NWMLS,1570895,N,Y,47.598512923,-122.2940325
MLS Listing,,Single Family Residential,1239 23rd Ave E,Seattle,WA,98112,1790000,4,2.25,Capitol Hill,3740,5933,1926,53,479,,Active,,,http://www.redfin.com/WA/Seattle/1239-23rd-Ave-E-98112/home/136746,NWMLS,1569247,N,Y,47.6314546,-122.3025963
MLS Listing,,Single Family Residential,721 33rd Ave S,Seattle,WA,98144,999950,2,1.25,Leschi,2280,2880,1928,54,439,,Active,,,http://www.redfin.com/WA/Seattle/721-33rd-Ave-S-98144/home/141769,NWMLS,1570265,N,Y,47.595947,-122.2905449
MLS Listing,,Single Family Residential,938 N 79th St,Seattle,WA,98103,925000,3,2.25,Green Lake,1830,3000,1987,55,505,,Active,,,http://www.redfin.com/WA/Seattle/938-N-79th-St-98103/home/301747,NWMLS,1569404,N,Y,47.6864327,-122.3454487
MLS Listing,,Single Family Residential,2222 Warren Ave N,Seattle,WA,98109,2350000,4,3.75,Queen Anne,2831,3500,1906,55,830,,Active,,,http://www.redfin.com/WA/Seattle/2222-Warren-Ave-N-98109/home/133210,NWMLS,1570009,N,Y,47.6389427,-122.3541159
MLS Listing,,Single Family Residential,7351 33rd Ave NE,Seattle,WA,98115,2150000,5,3.5,Bryant,3654,6996,2020,56,588,,Active,,,http://www.redfin.com/WA/Seattle/7351-33rd-Ave-NE-98115/home/316237,NWMLS,1567827,N,Y,47.6825103,-122.2930835
MLS Listing,,Single Family Residential,1540 Palm Ave SW,Seattle,WA,98116,1450000,5,3.5,North Admiral,3282,4440,1907,60,442,,Active,,,http://www.redfin.com/WA/Seattle/1540-Palm-Ave-SW-98116/home/150106,NWMLS,1563239,N,Y,47.5896561,-122.3834441
MLS Listing,,Single Family Residential,8246 17th Ave NE,Seattle,WA,98115,1749000,5,3.75,Maple Leaf,3401,5100,2019,62,514,,Active,,,http://www.redfin.com/WA/Seattle/8246-17th-Ave-NE-98115/home/107492,NWMLS,1567310,N,Y,47.6898617,-122.3098057
MLS Listing,,Single Family Residential,2344 Harvard Ave E,Seattle,WA,98102,1890000,4,2.5,Capitol Hill,3790,7000,1984,62,499,,Active,,,http://www.redfin.com/WA/Seattle/2344-Harvard-Ave-E-98102/home/136478,NWMLS,1566509,N,Y,47.6401988,-122.3220107
MLS Listing,,Single Family Residential,12354 Riviera Pl NE,Seattle,WA,98125,2100000,3,1.75,Lake City,1670,19587,1928,63,1257,,Active,,,http://www.redfin.com/WA/Seattle/12354-Riviera-Pl-NE-98125/home/318881,NWMLS,1564161,N,Y,47.7190851,-122.2791628
MLS Listing,,Single Family Residential,4731 Thackeray Pl NE,Seattle,WA,98105,2595000,6,5.25,Wallingford,4160,4080,1924,63,624,,Active,,,http://www.redfin.com/WA/Seattle/4731-Thackeray-Pl-NE-98105/home/118171,NWMLS,1564697,N,Y,47.6640754,-122.3264574
MLS Listing,,Single Family Residential,10763 Durland Ave NE,Seattle,WA,98125,1568000,5,3.25,Matthews Beach,3250,6540,2004,64,482,,Active,,,http://www.redfin.com/WA/Seattle/10763-Durland-Ave-NE-98125/home/2069574,NWMLS,1566008,N,Y,47.7089347,-122.2791175
MLS Listing,,Single Family Residential,2102 8th Ave N,Seattle,WA,98109,2285000,4,4.5,Queen Anne,3340,2671,2002,66,684,,Active,,,http://www.redfin.com/WA/Seattle/2102-8th-Ave-N-98109/home/2086021,NWMLS,1552663,N,Y,47.6381985,-122.3418123
MLS Listing,,Single Family Residential,5240 Brooklyn Ave NE Unit B,Seattle,WA,98105,856000,4,2.5,University District,1500,8240,2020,67,571,,Active,,,http://www.redfin.com/WA/Seattle/5240-Brooklyn-Ave-NE-98105/unit-B/home/170578731,NWMLS,1565715,N,Y,47.6676414,-122.3139229
MLS Listing,,Single Family Residential,9046 12th Ave NW,Seattle,WA,98117,915000,5,1.75,Crown Hill,2624,8192,1929,67,349,,Active,,,http://www.redfin.com/WA/Seattle/9046-12th-Ave-NW-98117/home/100282,NWMLS,1564263,N,Y,47.6955351,-122.3710898
MLS Listing,,Single Family Residential,454 A N 39th St,Seattle,WA,98103,1695000,5,3.5,Fremont,3398,4800,2020,67,499,5,Active,,,http://www.redfin.com/WA/Seattle/454-N-39th-St-98103/home/302777,NWMLS,1563796,N,Y,47.6542756,-122.3529768
MLS Listing,,Single Family Residential,5240 Brooklyn Ave NE Unit A,Seattle,WA,98105,866000,4,2.5,University District,1500,8240,2020,67,577,,Active,,,http://www.redfin.com/WA/Seattle/5240-Brooklyn-Ave-NE-98105/unit-A/home/170575429,NWMLS,1563990,N,Y,47.6676414,-122.3139229
MLS Listing,,Single Family Residential,6015 53rd Ave NE,Seattle,WA,98115,1765000,4,3.25,Hawthorne Hills,3492,5003,2019,68,505,,Active,,,http://www.redfin.com/WA/Seattle/6015-53rd-Ave-NE-98115/home/169634118,NWMLS,1564506,N,Y,47.6727256,-122.2707813
MLS Listing,,Single Family Residential,6141 Oakhurst Rd S,Seattle,WA,98118,1199988,5,4.0,Seward Park,3980,10200,1952,68,302,,Active,,,http://www.redfin.com/WA/Seattle/6141-Oakhurst-Rd-S-98118/home/490374,NWMLS,1562586,N,Y,47.5467573,-122.2622204
MLS Listing,,Single Family Residential,514 Ward St #102,Seattle,WA,98109,899000,2,2.25,Queen Anne,1755,5160,1998,68,512,300,Active,,,http://www.redfin.com/WA/Seattle/514-Ward-St-98109/unit-102/home/37243,NWMLS,1564910,N,Y,47.6282812,-122.3468101
MLS Listing,,Single Family Residential,5136 45th Ave NE,Seattle,WA,98105,2398000,5,5.0,Laurelhurst,4620,4600,2020,69,519,,Active,,,http://www.redfin.com/WA/Seattle/5136-45th-Ave-NE-98105/home/121172,NWMLS,1562620,N,Y,47.6671211,-122.2791185
MLS Listing,,Single Family Residential,5700 SW Spokane St,Seattle,WA,98116,2195000,3,2.5,Genesee,4160,8525,1986,69,528,,Active,,,http://www.redfin.com/WA/Seattle/5700-SW-Spokane-St-98116/home/152091,NWMLS,1563986,N,Y,47.5724896,-122.4056433
MLS Listing,,Single Family Residential,1215 W Ruffner St,Seattle,WA,98119,1999950,4,3.25,Queen Anne,3750,6000,2014,71,533,,Active,,,http://www.redfin.com/WA/Seattle/1215-W-Ruffner-St-98119/home/130359,NWMLS,1554792,N,Y,47.6519839,-122.3732288
MLS Listing,,Single Family Residential,4008 Bagley Ave N,Seattle,WA,98103,895000,3,1.0,Wallingford,1460,5700,1908,71,613,,Active,,,http://www.redfin.com/WA/Seattle/4008-Bagley-Ave-N-98103/home/118508,NWMLS,1563570,N,Y,47.6558898,-122.3323086
MLS Listing,,Single Family Residential,9207 9th Ave NW,Seattle,WA,98117,1599995,5,4.25,Crown Hill,3522,5425,2020,74,454,,Active,,,http://www.redfin.com/WA/Seattle/9207-9th-Ave-NW-98117/home/101091,NWMLS,1562777,N,Y,47.6962969,-122.368968
MLS Listing,,Single Family Residential,2824 NW 75th St,Seattle,WA,98117,1668000,5,3.5,Sunset Hill,3745,4540,2019,75,445,,Active,,,http://www.redfin.com/WA/Seattle/2824-NW-75th-St-98117/home/165942,NWMLS,1562228,N,Y,47.6832771,-122.3941235
MLS Listing,,Single Family Residential,9202 23rd Ave SW,Seattle,WA,98106,1300000,2,1.0,Westwood Village,1110,9454,1947,77,1171,,Active,,,http://www.redfin.com/WA/Seattle/9202-23rd-Ave-SW-98106/home/472780,NWMLS,1560303,N,Y,47.5208526,-122.3623396
MLS Listing,,Single Family Residential,,Seattle,WA,98125,1200000,7,3.0,Seattle,3900,17187,1963,79,308,,Active,,,http://www.redfin.com/WA/Seattle/Undisclosed-address-98125/home/170486137,NWMLS,1560765,N,Y,47.719261,-122.295213
MLS Listing,,Single Family Residential,1052 E Galer St,Seattle,WA,98102,5980000,5,3.25,Capitol Hill,7834,37249,1911,80,763,,Active,,,http://www.redfin.com/WA/Seattle/1052-E-Galer-St-98102/home/135295,NWMLS,1560453,N,Y,47.6324976,-122.3188011
MLS Listing,,Single Family Residential,3436 38th Ave SW,Seattle,WA,98126,905000,3,2.0,Belvidere,2140,5000,1946,82,423,,Active,,,http://www.redfin.com/WA/Seattle/3436-38th-Ave-SW-98126/home/327792,NWMLS,1560138,N,Y,47.5720371,-122.38
MLS Listing,,Single Family Residential,1128 Lakeview Blvd E,Seattle,WA,98102,975000,4,1.75,Capitol Hill,1310,4500,1908,82,744,,Active,,,http://www.redfin.com/WA/Seattle/1128-Lakeview-Blvd-E-98102/home/136620,NWMLS,1559937,N,Y,47.629941,-122.324863
MLS Listing,,Single Family Residential,123 Highland Dr,Seattle,WA,98109,4995000,4,3.25,Queen Anne,4873,7200,1954,82,1025,,Active,,,http://www.redfin.com/WA/Seattle/123-Highland-Dr-98109/home/132769,NWMLS,1557707,N,Y,47.6295905,-122.3543095
MLS Listing,,Single Family Residential,11317 40th Ave NE,Seattle,WA,98125,1950000,4,3.25,Meadowbrook,4054,7455,2020,84,481,,Active,,,http://www.redfin.com/WA/Seattle/11317-40th-Ave-NE-98125/home/112478,NWMLS,1558347,N,Y,47.710716,-122.2855546
MLS Listing,,Single Family Residential,934 NW 63rd St,Seattle,WA,98107,1912999,4,3.5,Ballard,2925,3810,2020,87,654,,Active,,,http://www.redfin.com/WA/Seattle/934-NW-63rd-St-98107/home/493752,NWMLS,1550546,N,Y,47.6747445,-122.3702943
MLS Listing,,Single Family Residential,5427 40th Ave W,Seattle,WA,98199,1385000,4,3.75,Magnolia,3470,6320,1992,89,399,,Active,,,http://www.redfin.com/WA/Seattle/5427-40th-Ave-W-98199/home/122924,NWMLS,1556991,N,Y,47.6686337,-122.4095679
MLS Listing,,Single Family Residential,1229 6th Ave N,Seattle,WA,98109,864000,2,1.75,Queen Anne,1920,1647,1908,90,450,,Active,,,http://www.redfin.com/WA/Seattle/1229-6th-Ave-N-98109/home/131870,NWMLS,1557029,N,Y,47.630615,-122.3452171
MLS Listing,,Single Family Residential,4719 46th Ave S,Seattle,WA,98118,985000,4,2.75,Columbia City,2580,7200,1912,91,382,,Active,,,http://www.redfin.com/WA/Seattle/4719-46th-Ave-S-98118/home/492516,NWMLS,1554360,N,Y,47.5599156,-122.2761022
MLS Listing,,Single Family Residential,801 E Gwinn Pl,Seattle,WA,98102,1738500,4,4.25,Roanoke Park,4250,5006,2013,91,409,,Active,,,http://www.redfin.com/WA/Seattle/801-E-Gwinn-Pl-98102/home/18657218,NWMLS,1556443,N,Y,47.6476466,-122.3217563
MLS Listing,,Single Family Residential,4312 36th Ave NE,Seattle,WA,98105,1999900,5,5.5,Laurelhurst,4800,5000,2016,94,417,,Active,,,http://www.redfin.com/WA/Seattle/4312-36th-Ave-NE-98105/home/122791,NWMLS,1555295,N,Y,47.660264,-122.289044
MLS Listing,,Single Family Residential,1104 17th Ave E,Seattle,WA,98112,2475000,9,5.0,Capitol Hill,5173,9600,1914,94,478,,Active,,,http://www.redfin.com/WA/Seattle/1104-17th-Ave-E-98112/home/137177,NWMLS,1555933,N,Y,47.628883,-122.3095996
MLS Listing,,Single Family Residential,6030 35th Ave NE,Seattle,WA,98115,999950,4,2.0,Bryant,2190,4000,1924,103,457,,Active,,,http://www.redfin.com/WA/Seattle/6030-35th-Ave-NE-98115/home/314311,NWMLS,1551449,N,Y,47.6730715,-122.2898698
MLS Listing,,Single Family Residential,3403 E Saint Andrews Way,Seattle,WA,98112,1895000,5,3.0,Broadmoor,4420,7200,1940,104,429,165,Active,,,http://www.redfin.com/WA/Seattle/3403-E-St-Andrews-Way-98112/home/138737,NWMLS,1552973,N,Y,47.6295667,-122.2880422
MLS Listing,,Single Family Residential,1701 E John St,Seattle,WA,98112,1399950,4,2.0,Capitol Hill,2790,3700,1908,105,502,,Active,,,http://www.redfin.com/WA/Seattle/1701-E-John-St-98122/home/142080,NWMLS,1552467,N,Y,47.6194879,-122.3098624
MLS Listing,,Single Family Residential,5219 Columbia Dr S,Seattle,WA,98108,1950000,5,3.5,Beacon Hill,4833,8640,2020,109,403,,Active,,,http://www.redfin.com/WA/Seattle/5219-Columbia-Dr-S-98108/home/482031,NWMLS,1550458,N,Y,47.5553106,-122.3052485
MLS Listing,,Single Family Residential,3727 W Barrett St,Seattle,WA,98199,2700000,4,3.25,Magnolia,4870,8634,1993,109,554,,Active,,,http://www.redfin.com/WA/Seattle/3727-W-Barrett-St-98199/home/126675,NWMLS,1550392,N,Y,47.6466563,-122.4058299
MLS Listing,,Single Family Residential,9215 9th Ave NW,Seattle,WA,98117,900000,5,2.0,Crown Hill,2560,8810,1924,124,352,,Active,,,http://www.redfin.com/WA/Seattle/9215-9th-Ave-NW-98117/home/101441,NWMLS,1549422,N,Y,47.6965609,-122.3689133
MLS Listing,,Single Family Residential,5945 Atlas Pl SW,Seattle,WA,98136,1650000,4,3.25,Seaview,3600,8562,1965,130,458,,Active,,,http://www.redfin.com/WA/Seattle/5945-Atlas-Pl-SW-98136/home/153807,NWMLS,1548213,N,Y,47.5491849,-122.396403
MLS Listing,,Single Family Residential,2822 4th Ave W,Seattle,WA,98119,1200000,4,2.5,Queen Anne,2400,4762,1986,131,500,,Active,,,http://www.redfin.com/WA/Seattle/2822-4th-Ave-W-98119/home/131083,NWMLS,1547481,N,Y,47.6456832,-122.3619355
MLS Listing,,Single Family Residential,4312 NE 56th St,Seattle,WA,98105,929000,4,2.5,Hawthorne Hills,2140,6400,1942,133,434,,Active,,,http://www.redfin.com/WA/Seattle/4312-NE-56th-St-98105/home/313961,NWMLS,1540417,N,Y,47.6696817,-122.2815565
MLS Listing,,Single Family Residential,1721 33rd Ave,Seattle,WA,98122,1350000,5,3.5,Madrona,4080,4000,1996,138,331,,Active,,,http://www.redfin.com/WA/Seattle/1721-33rd-Ave-98122/home/147492,NWMLS,1545867,N,Y,47.6170875,-122.29058
MLS Listing,,Single Family Residential,7915 Seward Park Ave S,Seattle,WA,98118,985000,3,2.0,Seward Park,3100,8480,1955,145,318,,Active,,,http://www.redfin.com/WA/Seattle/7915-Seward-Park-Ave-S-98118/home/174391,NWMLS,1544711,N,Y,47.5311709,-122.2667836
MLS Listing,,Single Family Residential,950 Hiawatha Pl S,Seattle,WA,98144,880000,1,1.0,N Beacon Hill,990,3430,1924,147,889,,Active,,,http://www.redfin.com/WA/Seattle/950-Hiawatha-Pl-S-98144/home/145704,NWMLS,1544178,N,Y,47.5931286,-122.3078061
MLS Listing,,Single Family Residential,2113 Aurora Ave N,Seattle,WA,98109,1425000,5,3.75,Westlake,2460,4600,1900,150,579,,Active,,,http://www.redfin.com/WA/Seattle/2113-Aurora-Ave-N-98109/home/131817,NWMLS,1543883,N,Y,47.6379063,-122.3450851
MLS Listing,,Single Family Residential,1915 E Thomas St,Seattle,WA,98112,1300000,3,1.5,Capitol Hill,1650,4320,1907,151,788,,Active,,,http://www.redfin.com/WA/Seattle/1915-E-Thomas-St-98112/home/142408,NWMLS,1543463,N,Y,47.6203326,-122.3066356
MLS Listing,,Single Family Residential,7126 55th Ave S,Seattle,WA,98118,4500000,4,4.0,Seward Park,4612,92290,1924,158,976,,Active,,,http://www.redfin.com/WA/Seattle/7126-55th-Ave-S-98118/home/490002,NWMLS,1541561,N,Y,47.5381398,-122.2636437
MLS Listing,,Single Family Residential,1410 Alki Ave SW,Seattle,WA,98116,1149000,4,2.0,Alki,1880,3720,1984,159,611,,Active,,,http://www.redfin.com/WA/Seattle/1410-Alki-Ave-SW-98116/home/150316,NWMLS,1541598,N,Y,47.590437,-122.3926016
MLS Listing,,Single Family Residential,319 Randolph Ave,Seattle,WA,98122,1995000,3,2.5,Leschi,2900,7665,1911,159,688,,Active,,,http://www.redfin.com/WA/Seattle/319-Randolph-Ave-98122/home/141800,NWMLS,1540156,N,Y,47.6044213,-122.2865052
MLS Listing,,Single Family Residential,411 32nd Ave E,Seattle,WA,98122,955000,3,2.0,Madison Valley,1500,2800,1909,165,637,,Active,,,http://www.redfin.com/WA/Seattle/411-32nd-Ave-E-98112/home/148017,NWMLS,1539963,N,Y,47.6228653,-122.2913983
MLS Listing,,Single Family Residential,2801 Broadway E,Seattle,WA,98102,2250000,5,4.5,Roanoke Park,5500,5913,1909,167,409,,Active,,,http://www.redfin.com/WA/Seattle/2801-Broadway-E-98102/home/137270,NWMLS,1538088,N,Y,47.6458082,-122.3212008
MLS Listing,,Single Family Residential,3356 E Shore Dr,Seattle,WA,98112,1894000,3,2.0,Broadmoor,3130,7310,1926,168,605,165,Active,,,http://www.redfin.com/WA/Seattle/3356-E-Shore-Dr-98112/home/138949,NWMLS,1538879,N,Y,47.6401354,-122.2884859
MLS Listing,,Single Family Residential,320 NW 137th St,Seattle,WA,98177,2995000,4,5.0,Westminster,5910,62726,2006,179,507,,Active,,,http://www.redfin.com/WA/Seattle/320-NW-137th-St-98177/home/2115360,NWMLS,1535659,N,Y,47.729359,-122.3617878
MLS Listing,,Single Family Residential,300 S Orcas St,Seattle,WA,98108,1250000,3,1.75,Georgetown,2680,5500,1938,188,466,,Active,,,http://www.redfin.com/WA/Seattle/300-S-Orcas-St-98108/home/476553,NWMLS,1532132,N,Y,47.552043911,-122.3307457
MLS Listing,,Single Family Residential,768 Belmont Pl E,Seattle,WA,98102,1650000,6,2.0,Capitol Hill,3610,4200,1902,189,457,,Active,,,http://www.redfin.com/WA/Seattle/768-Belmont-Pl-E-98102/home/136651,NWMLS,1531144,N,Y,47.6272825,-122.3240007
MLS Listing,,Single Family Residential,2514 Belvidere Ave SW,Seattle,WA,98126,1850000,4,3.5,North Admiral,3253,4180,2020,193,569,,Active,,,http://www.redfin.com/WA/Seattle/2514-Belvidere-Ave-SW-98126/home/150615,NWMLS,1530764,N,Y,47.5813827,-122.3788492
MLS Listing,,Single Family Residential,5846 57th Ave NE,Seattle,WA,98105,2149950,6,4.0,Belvedere Terrace,4316,6270,2020,211,498,,Active,,,http://www.redfin.com/WA/Seattle/5846-57th-Ave-NE-98105/home/120575,NWMLS,1475985,N,Y,47.6716323,-122.2664071
MLS Listing,,Single Family Residential,9829 51st Ave SW,Seattle,WA,98136,3995000,3,3.0,West Seattle,3304,11722,2008,218,1209,,Active,,,http://www.redfin.com/WA/Seattle/9829-51st-Ave-SW-98136/home/156846,NWMLS,1518007,N,Y,47.5144843,-122.3957694
MLS Listing,,Single Family Residential,1228 23rd Ave E,Seattle,WA,98112,1800000,5,5.25,North Capitol Hill,5456,8448,1908,230,330,,Active,,,http://www.redfin.com/WA/Seattle/1228-23rd-Ave-E-98112/home/136515,NWMLS,1512704,N,Y,47.6311564,-122.301912
MLS Listing,,Single Family Residential,2326 W Viewmont Way W,Seattle,WA,98199,1995000,5,4.0,Magnolia,3910,5350,1933,231,510,,Active,,,http://www.redfin.com/WA/Seattle/2326-W-Viewmont-Way-W-98199/home/125429,NWMLS,1511107,N,Y,47.639269,-122.4077813
MLS Listing,,Single Family Residential,1560 30th Ave W,Seattle,WA,98199,1925000,5,2.5,Magnolia,3110,5000,1939,238,619,,Active,,,http://www.redfin.com/WA/Seattle/1560-30th-Ave-W-98199/home/126244,NWMLS,1491427,N,Y,47.6334627,-122.3954587
MLS Listing,,Single Family Residential,421 W Highland Dr,Seattle,WA,98119,7990000,5,5.25,Queen Anne,7900,22500,1905,239,1011,,Active,,,http://www.redfin.com/WA/Seattle/421-W-Highland-Dr-98119/home/133017,NWMLS,1510873,N,Y,47.6293293,-122.3627299
MLS Listing,,Single Family Residential,7235 W Green Lake Dr N,Seattle,WA,98103,1599000,4,2.5,Green Lake,3320,6800,1927,239,482,,Active,,,http://www.redfin.com/WA/Seattle/7235-W-Green-Lake-Dr-N-98103/home/306531,NWMLS,1510902,N,Y,47.682048,-122.3428667
MLS Listing,,Single Family Residential,7016 55th Ave S,Seattle,WA,98118,5249000,6,3.5,Seward Park,5320,59199,2003,243,987,,Active,,,http://www.redfin.com/WA/Seattle/7016-55th-Ave-S-98118/home/490253,NWMLS,1507936,N,Y,47.5387868,-122.2620614
MLS Listing,,Single Family Residential,5770 S Oaklawn Pl,Seattle,WA,98118,3350000,5,3.75,Seward Park,5640,48644,1954,263,594,,Active,,,http://www.redfin.com/WA/Seattle/5770-S-Oaklawn-Pl-98118/home/489545,NWMLS,1498093,N,Y,47.5438858,-122.2586187
MLS Listing,,Single Family Residential,5032 30th Ave S,Seattle,WA,98108,1000000,2,1.0,Beacon Hill,1980,38544,1953,271,505,,Active,,,http://www.redfin.com/WA/Seattle/5032-30th-Ave-S-98108/home/478824,NWMLS,1494166,N,Y,47.5561919,-122.2937849
MLS Listing,,Single Family Residential,3601 Corliss Ave N,Seattle,WA,98103,1699000,6,3.0,Wallingford,3270,3192,1919,284,520,,Active,,,http://www.redfin.com/WA/Seattle/3601-Corliss-Ave-N-98103/home/119194,NWMLS,1490000,N,Y,47.6506041,-122.3317917
MLS Listing,,Single Family Residential,236 40th Ave E,Seattle,WA,98112,8695000,5,3.0,Denny Blaine,4170,25552,1923,287,2085,,Active,,,http://www.redfin.com/WA/Seattle/236-40th-Ave-E-98112/home/139829,NWMLS,1487031,N,Y,47.6213508,-122.2811006
MLS Listing,,Single Family Residential,4308 W Cramer St,Seattle,WA,98199,4500000,3,3.25,Magnolia,6471,14367,2020,299,695,,Active,,,http://www.redfin.com/WA/Seattle/4308-W-Cramer-St-98199/home/22441627,NWMLS,1482592,N,Y,47.668724,-122.41095
MLS Listing,,Single Family Residential,3218 SW Hinds St,Seattle,WA,98126,1850000,4,3.0,Admiral,2800,5000,2020,314,661,,Active,,,http://www.redfin.com/WA/Seattle/3218-SW-Hinds-St-98126/home/21682615,NWMLS,1471750,N,Y,47.5728409,-122.3740131
MLS Listing,,Single Family Residential,4519 S Henderson St,Seattle,WA,98118,1499950,4,2.5,Rainier Beach,2460,14555,1917,327,610,,Active,,,http://www.redfin.com/WA/Seattle/4519-S-Henderson-St-98118/home/176808,NWMLS,1465975,N,Y,47.5230961,-122.2755925
MLS Listing,,Single Family Residential,1214 Warren Ave N,Seattle,WA,98109,11000000,4,7.25,Queen Anne,9970,8600,1902,341,1103,,Active,,,http://www.redfin.com/WA/Seattle/1214-Warren-Ave-N-98109/home/132590,NWMLS,1456840,N,Y,47.6302212,-122.3538488
MLS Listing,,Single Family Residential,1670 Broadmoor Dr E,Seattle,WA,98112,4975000,5,4.25,Broadmoor,6657,15738,1928,363,747,330,Active,,,http://www.redfin.com/WA/Seattle/1670-Broadmoor-Dr-E-98112/home/138891,NWMLS,1445484,N,Y,47.6351832,-122.2876095
MLS Listing,,Single Family Residential,1330 Alki Ave SW,Seattle,WA,98116,2000000,2,1.0,Alki,1900,9020,1915,375,1053,,Active,,,http://www.redfin.com/WA/Seattle/1330-Alki-Ave-SW-98116/home/149597,NWMLS,1438942,N,Y,47.5922171,-122.391157
MLS Listing,,Single Family Residential,1000 14th Ave E,Seattle,WA,98112,7125000,7,6.25,Capitol Hill,12280,16874,1914,379,580,,Active,,,http://www.redfin.com/WA/Seattle/1000-14th-Ave-E-98112/home/135946,NWMLS,1436550,N,Y,47.6279491,-122.314197
MLS Listing,,Single Family Residential,11838 79th Ave S,Seattle,WA,98178,1138888,6,3.75,Lakeridge,3635,4773,2020,384,313,,Active,,,http://www.redfin.com/WA/Seattle/11838-79th-Ave-S-98178/unit-1/home/160494909,NWMLS,1434227,N,Y,47.4966819,-122.2338695
MLS Listing,,Single Family Residential,1804 16th Ave S,Seattle,WA,98144,1595000,3,2.5,N Beacon Hill,2486,8408,2019,537,642,,Active,,,http://www.redfin.com/WA/Seattle/1804-16th-Ave-S-98122/home/147978620,NWMLS,1381685,N,Y,47.586824,-122.3116803
MLS Listing,,Single Family Residential,12005 30th Ave SW,Burien,WA,98146,2950000,5,5.75,Shorewood,6661,45136,2006,629,443,25,Active,,,http://www.redfin.com/WA/Burien/12005-30th-Ave-SW-98146/home/331846,NWMLS,1332732,N,Y,47.49487,-122.37491
For-Sale-by-Owner Listing,,Single Family Residential,3034 45th Ave SW,Seattle,WA,98116,1000000,3,2.0,Seattle,2000,6250,1909,250,500,,Active,,,http://www.redfin.com/WA/Seattle/3034-45th-Ave-SW-98116/home/330542,Fizber.com,5027674,N,Y,47.5759675,-122.389084
New Construction Home,,Single Family Residential,1831 11th Ave W,Seattle,WA,98119,1200000,3,2.5,Prestigious Build,1873,,2020,13,641,,Active,,,http://www.redfin.com/WA/Seattle/1831-11th-Ave-W-98119/home/134629,NewHomeSource.com,1861754,N,Y,47.6356781,-122.371928
